{
  "age": 0.17977594488484439,
  "duration_weeks": 0.08286346356133902,
  "breast_lump": 0.07646501253349353,
  "severity": 0.0636581651239485,
  "headache": 0.05528659011188203,
  "blood_in_urine": 0.049849770671267515,
  "cough": 0.048688806575451084,
  "vision_changes": 0.0452896651689811,
  "abdominal_pain": 0.040417503954900486,
  "floaters": 0.034149731731665134,
  "urinary_frequency": 0.03286419702451569,
  "gender": 0.030973005253561132,
  "jaundice": 0.030954399155868402,
  "smoking_history": 0.02687455180268838,
  "shortness_of_breath": 0.021607981378880998
}